film_id,title,rental_count,rating,rental_rate
103,Bucket Brotherhood,34,PG,4.99
738,Rocketeer Mother,33,PG-13,0.99
382,Grit Clockwork,32,PG,0.99
331,Forward Temple,32,NC-17,2.99
730,Ridgemont Submarine,32,PG-13,0.99
489,Juggler Hardly,32,PG-13,0.99
767,Scalawag Duck,32,NC-17,4.99
1000,Zorro Ark,31,NC-17,4.99
621,Network Peak,31,PG-13,2.99
369,Goodfellas Salute,31,PG,4.99
418,Hobbit Alien,31,PG-13,0.99
753,Rush Goodfellas,31,PG,0.99
31,Apache Divine,31,NC-17,4.99
891,Timberland Sky,31,G,0.99
735,Robbers Joon,31,PG-13,2.99
973,Wife Turn,31,NC-17,4.99
563,Massacre Usual,30,R,4.99
109,Butterfly Chocolat,30,G,0.99
748,Rugrats Shakespeare,30,PG-13,0.99
239,Dogma Family,30,G,4.99
869,Suspects Quills,30,PG,2.99
979,Witches Panic,30,NC-17,4.99
559,Married Go,30,G,2.99
789,Shock Cabin,30,PG-13,2.99
609,Muscle Bright,30,G,2.99
450,Idols Snatchers,30,NC-17,2.99
285,English Bulworth,30,PG-13,0.99
127,Cat Coneheads,30,G,4.99
403,Harry Idaho,30,PG-13,4.99
374,Graffiti Love,30,PG,0.99
702,Pulp Beverly,30,G,2.99
341,Frost Head,30,PG,0.99
220,Deer Virginian,29,NC-17,2.99
945,Virginian Pluto,29,R,0.99
86,Boogie Amelie,29,R,4.99
174,Confidential Interview,29,NC-17,4.99
301,Family Sweet,29,R,0.99
873,Sweethearts Suspects,29,G,0.99
941,Videotape Arsenic,29,NC-17,4.99
875,Talented Homicide,29,PG,0.99
361,Gleaming Jawbreaker,29,NC-17,2.99
849,Storm Happiness,29,NC-17,0.99
595,Moon Bunch,29,PG,0.99
73,Bingo Talented,29,PG-13,2.99
284,Enemy Odds,29,NC-17,4.99
893,Titans Jerk,29,PG,4.99
378,Greatest North,29,NC-17,2.99
358,Gilmore Boiled,28,R,0.99
295,Expendable Stallion,28,PG,0.99
395,Handicap Boondock,28,R,0.99
356,Giant Troopers,28,R,2.99
305,Fatal Haunted,28,PG,2.99
951,Voyage Legally,28,PG-13,0.99
745,Roses Treasure,28,PG-13,4.99
764,Saturday Lambs,28,G,4.99
159,Closer Bang,28,R,4.99
911,Trip Newton,28,PG-13,4.99
850,Story Side,28,R,0.99
625,None Spiking,27,NC-17,0.99
638,Operation Operation,27,G,2.99
715,Range Moonwalker,27,PG,4.99
521,Lies Treatment,27,NC-17,4.99
200,Curtain Videotape,27,PG-13,0.99
698,Princess Giant,27,NC-17,2.99
603,Movie Shakespeare,27,PG,4.99
367,Goldmine Tycoon,27,R,0.99
958,Wardrobe Phantom,27,G,2.99
135,Chance Resurrection,27,R,2.99
835,Spy Mile,27,PG-13,2.99
206,Dancing Fever,27,G,0.99
525,Loathing Legally,27,R,0.99
468,Invasion Cyclone,27,PG,2.99
330,Forrester Comancheros,27,NC-17,4.99
78,Blackout Private,27,PG,2.99
697,Primary Glass,27,G,0.99
879,Telegraph Voyage,27,PG,4.99
114,Camelot Vacation,27,NC-17,0.99
897,Torque Bound,27,G,4.99
434,Horror Reign,27,R,0.99
228,Detective Vision,27,PG-13,0.99
531,Lose Inch,27,R,0.99
244,Dorado Notting,27,NC-17,4.99
870,Swarm Gold,27,PG-13,0.99
349,Gangs Pride,27,PG-13,2.99
445,Hyde Doctor,26,G,2.99
181,Contact Anonymous,26,PG-13,2.99
303,Fantasy Troopers,26,PG-13,0.99
471,Island Exorcist,26,NC-17,2.99
687,Pocus Pulp,26,NC-17,0.99
460,Innocent Usual,26,PG-13,4.99
391,Half Outfield,26,PG-13,2.99
773,Seabiscuit Punk,26,NC-17,2.99
938,Velvet Terminator,26,R,4.99
890,Tights Dawn,26,R,0.99
970,Westward Seabiscuit,26,NC-17,0.99
554,Malkovich Pet,26,G,2.99
234,Disturbing Scarface,26,R,2.99
901,Tracy Cider,26,G,0.99
838,Stagecoach Armageddon,26,R,4.99
670,Pelican Comforts,26,PG,4.99
12,Alaska Phantom,26,PG,0.99
101,Brotherhood Blanket,26,R,0.99
263,Durham Panky,26,R,4.99
397,Hanky October,26,NC-17,2.99
572,Metropolis Coma,26,PG-13,2.99
307,Fellowship Autumn,26,NC-17,4.99
167,Coma Head,26,NC-17,4.99
683,Pity Bound,26,NC-17,4.99
880,Telemark Heartbreakers,25,PG-13,2.99
856,Streetcar Intentions,25,R,4.99
895,Tomorrow Hustler,25,R,2.99
309,Feud Frogmen,25,R,0.99
266,Dynamite Tarzan,25,PG-13,0.99
624,Nightmare Chill,25,PG,4.99
162,Clueless Bucket,25,R,2.99
555,Mallrats United,25,PG,0.99
791,Show Lord,25,PG-13,4.99
288,Escape Metropolis,25,R,2.99
387,Gun Bonnie,25,G,0.99
760,Samurai Lion,25,G,2.99
571,Metal Armageddon,25,PG-13,2.99
247,Downhill Enough,25,G,0.99
786,Shepherd Midsummer,25,R,0.99
273,Effect Gladiator,25,PG,0.99
172,Coneheads Smoochy,25,NC-17,4.99
989,Working Microcosmos,25,R,4.99
863,Sun Confessions,25,R,0.99
545,Madness Attacks,25,PG-13,0.99
55,Barbarella Streetcar,25,G,2.99
417,Hills Neighbors,25,G,0.99
245,Double Wrath,25,R,0.99
644,Oscar Gold,25,PG,2.99
319,Fish Opus,25,R,2.99
902,Trading Pinocchio,25,PG,4.99
154,Clash Freddy,25,G,2.99
586,Mockingbird Hollywood,24,PG,0.99
741,Roman Punk,24,NC-17,0.99
775,Seattle Expecations,24,PG-13,4.99
476,Jason Trap,24,NC-17,2.99
11,Alamo Videotape,24,G,0.99
649,Oz Liaisons,24,R,2.99
810,Slums Duck,24,PG,0.99
304,Fargo Gandhi,24,G,2.99
45,Attraction Newton,24,PG-13,4.99
366,Goldfinger Sensibility,24,G,0.99
91,Bound Cheaper,24,PG,0.99
865,Sunrise League,24,PG-13,4.99
35,Arachnophobia Rollercoaster,24,PG-13,2.99
966,Wedding Apollo,24,PG,0.99
119,Caper Motions,24,G,0.99
131,Center Dinosaur,24,PG,4.99
790,Shootist Superfly,24,PG-13,0.99
447,Ice Crossing,24,R,2.99
527,Lola Agent,24,PG,4.99
253,Drifter Commandments,24,PG-13,4.99
650,Pacific Amistad,24,G,0.99
804,Sleeping Suspects,24,PG-13,4.99
641,Orange Grapes,24,PG-13,0.99
502,Knock Warlock,24,PG-13,2.99
43,Atlantis Cause,24,G,2.99
551,Maiden Home,24,PG,4.99
852,Strangelove Desire,24,NC-17,0.99
433,Horn Working,24,PG,2.99
130,Celebrity Horn,24,PG-13,0.99
491,Jumping Wrath,24,NC-17,0.99
443,Hurricane Affair,24,PG,2.99
388,Gunfight Moon,24,NC-17,0.99
166,Color Philadelphia,24,G,2.99
914,Trouble Date,23,PG,2.99
676,Philadelphia Wife,23,PG-13,4.99
816,Snowman Rollercoaster,23,G,0.99
494,Karate Moon,23,PG-13,0.99
122,Carrie Bunch,23,PG,0.99
117,Candles Grapes,23,NC-17,4.99
320,Flamingos Connecticut,23,PG-13,4.99
270,Earth Vision,23,NC-17,0.99
646,Outbreak Divine,23,NC-17,0.99
961,Wash Heavenly,23,R,4.99
645,Others Soup,23,PG,2.99
327,Fool Mockingbird,23,PG,4.99
412,Heavyweights Beast,23,G,4.99
771,Scorpion Apollo,23,NC-17,4.99
843,Steel Santa,23,NC-17,4.99
857,Strictly Scarface,23,PG-13,2.99
1,Academy Dinosaur,23,PG,0.99
504,Kwai Homeward,23,PG-13,0.99
10,Aladdin Calendar,23,NC-17,4.99
191,Crooked Frogmen,23,PG-13,0.99
982,Women Dorado,23,R,0.99
614,Name Detective,23,PG-13,4.99
51,Balloon Homeward,23,NC-17,2.99
995,Yentl Idaho,23,R,4.99
271,Easy Gladiator,23,G,4.99
334,Freddy Storm,23,NC-17,4.99
915,Truman Crazy,23,G,4.99
199,Cupboard Sinners,23,R,2.99
353,Gentlemen Stage,23,NC-17,2.99
976,Wind Phantom,23,R,0.99
608,Murder Antitrust,23,PG,2.99
437,House Dynamite,23,R,2.99
665,Patton Interview,23,PG,2.99
759,Salute Apollo,23,R,2.99
4,Affair Prejudice,23,G,2.99
892,Titanic Boondock,23,R,4.99
26,Annie Identity,22,G,0.99
376,Grapes Fury,22,G,0.99
518,Liaisons Sweet,22,PG,4.99
322,Flatliners Killer,22,G,2.99
556,Maltese Hope,22,PG-13,4.99
706,Queen Luke,22,PG,4.99
79,Blade Polish,22,PG-13,0.99
54,Banger Pinocchio,22,R,0.99
823,South Wait,22,R,2.99
267,Eagles Panky,22,NC-17,4.99
428,Homicide Peach,22,PG-13,2.99
18,Alter Victory,22,PG-13,0.99
772,Sea Virgin,22,PG,2.99
143,Chill Luck,22,PG,0.99
814,Snatch Slipper,22,PG,4.99
61,Beauty Grease,22,G,4.99
59,Bear Graceland,22,R,2.99
15,Alien Center,22,NC-17,2.99
500,Kiss Glory,22,PG-13,4.99
949,Volcano Texas,22,NC-17,0.99
314,Fight Jawbreaker,22,R,0.99
972,Whisperer Giant,22,PG-13,4.99
300,Falcon Volume,22,PG-13,4.99
21,American Circus,22,R,4.99
575,Midsummer Groundhog,22,G,4.99
782,Shakespeare Saddle,22,PG-13,2.99
408,Head Stranger,22,R,4.99
415,High Encino,22,R,2.99
176,Congeniality Quest,22,PG-13,0.99
985,Wonderland Christmas,22,PG,4.99
651,Packer Madigan,22,PG-13,0.99
898,Tourist Pelican,22,PG-13,4.99
142,Chicken Hellfighters,22,PG,0.99
406,Haunting Pianist,22,R,0.99
25,Angels Life,22,G,2.99
800,Sinners Atlantis,22,PG-13,2.99
444,Hustler Party,22,NC-17,4.99
89,Borrowers Bedazzled,22,G,0.99
252,Dream Pickup,22,PG,2.99
930,Vacation Boondock,21,R,2.99
317,Fireball Philadelphia,21,PG,0.99
67,Berets Agent,21,PG-13,2.99
23,Anaconda Confessions,21,R,0.99
6,Agent Truman,21,PG,2.99
981,Wolves Desire,21,NC-17,0.99
677,Pianist Outfield,21,NC-17,0.99
242,Doom Dancing,21,R,0.99
149,Christmas Moonshine,21,NC-17,0.99
280,Empire Malkovich,21,G,0.99
755,Sabrina Midnight,21,PG,4.99
602,Mourning Purple,21,PG,0.99
776,Secret Groundhog,21,PG,4.99
37,Arizona Bang,21,PG,2.99
132,Chainsaw Uptown,21,PG,0.99
377,Grease Youth,21,G,0.99
922,Undefeated Dalmations,21,PG-13,4.99
164,Coast Rainbow,21,PG,0.99
514,Lebowski Soldiers,21,PG-13,2.99
637,Open African,21,PG,4.99
846,Sting Personal,21,NC-17,4.99
129,Cause Date,21,R,2.99
49,Badman Dawn,21,R,2.99
807,Sleuth Orient,21,NC-17,0.99
218,Deceiver Betrayed,21,NC-17,0.99
861,Suit Walls,21,R,4.99
596,Moonshine Cabin,21,PG-13,4.99
112,Calendar Gunfight,21,NC-17,4.99
681,Pirates Roxanne,21,PG,0.99
841,Star Operation,21,PG,2.99
22,Amistad Midsummer,21,G,2.99
313,Fidelity Devil,21,G,4.99
235,Divide Monster,21,PG-13,2.99
19,Amadeus Holy,21,PG,0.99
57,Basic Easy,21,PG-13,2.99
83,Blues Instinct,21,G,2.99
274,Egg Igby,21,PG,2.99
833,Splendor Patton,21,R,0.99
806,Sleepy Japanese,21,PG,2.99
953,Wait Cider,21,PG-13,0.99
416,Highball Potter,21,R,0.99
69,Beverly Outlaw,21,R,2.99
727,Resurrection Silverado,21,PG,0.99
354,Ghost Groundhog,21,G,4.99
193,Crossroads Casualties,21,G,2.99
100,Brooklyn Desert,21,R,4.99
39,Armageddon Lost,21,G,0.99
138,Chariots Conspiracy,21,R,2.99
292,Excitement Eve,21,G,0.99
920,Unbreakable Karate,21,G,0.99
255,Driving Polish,21,NC-17,4.99
249,Dracula Crystal,21,G,0.99
484,Jerk Paycheck,20,NC-17,2.99
414,Hellfighters Sierra,20,PG,2.99
326,Flying Hook,20,NC-17,2.99
439,Hunchback Impossible,20,PG-13,4.99
140,Cheaper Clyde,20,G,0.99
462,Insider Arizona,20,NC-17,2.99
139,Chasing Fight,20,PG,4.99
628,Northwest Polish,20,PG,2.99
231,Dinosaur Secretary,20,R,2.99
647,Outfield Massacre,20,NC-17,0.99
363,Go Purple,20,R,0.99
204,Dalmations Sweden,20,PG,0.99
851,Straight Hours,20,R,0.99
906,Tramp Others,20,PG,0.99
720,Redemption Comforts,20,NC-17,2.99
680,Pinocchio Simon,20,PG,4.99
805,Sleepless Monsoon,20,G,4.99
486,Jet Neighbors,20,R,4.99
535,Love Suicides,20,R,0.99
409,Heartbreakers Bright,20,G,4.99
993,Wrong Behavior,20,PG-13,2.99
707,Quest Mussolini,20,R,2.99
147,Chocolat Harry,20,NC-17,0.99
728,Reunion Witches,20,R,0.99
778,Secrets Paradise,20,G,4.99
845,Stepmom Dream,20,NC-17,4.99
578,Million Ace,20,PG-13,4.99
694,Prejudice Oleander,20,PG-13,4.99
465,Interview Liaisons,20,R,4.99
350,Garden Island,20,G,4.99
733,River Outlaw,20,PG-13,0.99
590,Money Harold,20,PG,2.99
562,Masked Bubble,20,PG-13,0.99
402,Harper Dying,20,G,0.99
467,Intrigue Worst,20,G,0.99
668,Peak Forever,20,PG,4.99
723,Reign Gentlemen,20,PG-13,2.99
496,Kick Savannah,20,PG-13,0.99
743,Room Roman,20,PG,0.99
99,Bringing Hysterical,20,PG,2.99
501,Kissing Dolls,20,R,4.99
827,Spice Sorority,20,NC-17,4.99
579,Minds Truman,20,PG-13,4.99
345,Gables Metropolis,19,PG,0.99
663,Patient Sister,19,NC-17,0.99
160,Club Graffiti,19,PG-13,0.99
344,Fury Murder,19,PG-13,0.99
747,Roxanne Rebel,19,R,0.99
222,Desert Poseidon,19,R,4.99
115,Campus Remember,19,R,2.99
97,Bride Intrigue,19,G,0.99
948,Voice Peach,19,PG-13,0.99
690,Pond Seattle,19,PG-13,2.99
118,Canyon Stock,19,R,0.99
479,Jedi Beneath,19,PG,0.99
734,Road Roxanne,19,R,4.99
436,Hours Rage,19,NC-17,0.99
710,Rage Games,19,R,4.99
48,Backlash Undefeated,19,PG-13,4.99
298,Eyes Driving,19,PG-13,2.99
785,Shawshank Bubble,19,PG,4.99
233,Disciple Mother,19,PG,0.99
243,Doors President,19,NC-17,4.99
370,Gorgeous Bingo,19,R,2.99
396,Hanging Deep,19,G,4.99
72,Bill Others,19,PG,2.99
725,Requiem Tycoon,19,R,4.99
158,Clones Pinocchio,19,R,2.99
580,Mine Titans,19,PG-13,4.99
912,Trojan Tomorrow,19,PG,2.99
282,Encounters Curtain,19,NC-17,0.99
269,Earring Instinct,19,R,0.99
631,Novocaine Flight,19,G,0.99
457,Independence Hotel,19,NC-17,0.99
281,Encino Elf,19,G,0.99
302,Fantasia Park,19,G,2.99
864,Sundance Invasion,19,NC-17,0.99
887,Thief Pelican,19,PG-13,4.99
227,Details Packer,19,R,4.99
311,Fiction Christmas,19,PG,0.99
619,Neighbors Charade,19,R,0.99
451,Igby Maker,19,NC-17,4.99
560,Mars Roman,19,NC-17,0.99
818,Something Duck,19,NC-17,4.99
610,Music Boondock,19,R,0.99
616,National Story,19,NC-17,2.99
150,Cider Desire,19,PG,2.99
429,Honey Ties,19,R,0.99
90,Boulevard Mob,18,R,0.99
724,Remember Diary,18,R,2.99
432,Hope Tootsie,18,NC-17,2.99
155,Cleopatra Devil,18,PG-13,0.99
583,Mission Zoolander,18,PG-13,4.99
524,Lion Uncut,18,PG,0.99
461,Insects Stone,18,NC-17,0.99
812,Smoking Barbarella,18,PG-13,0.99
116,Candidate Perdition,18,R,2.99
56,Barefoot Manchurian,18,G,2.99
474,Jade Bunch,18,NC-17,2.99
768,Scarface Bang,18,PG-13,4.99
17,Alone Trip,18,R,0.99
212,Darn Forrester,18,G,4.99
294,Expecations Natural,18,PG-13,4.99
709,Racer Egg,18,NC-17,2.99
463,Instinct Airport,18,PG,2.99
689,Pollock Deliverance,18,PG,2.99
8,Airport Pollock,18,R,4.99
254,Driver Annie,18,PG-13,2.99
971,Whale Bikini,18,PG-13,4.99
924,Unforgiven Zoolander,18,PG,0.99
251,Dragonfly Strangers,18,NC-17,4.99
871,Sweden Shining,18,PG,4.99
746,Rouge Squad,18,NC-17,0.99
967,Weekend Personal,18,R,2.99
473,Jacket Frisco,18,PG-13,2.99
385,Groundhog Uncut,18,PG-13,4.99
986,Wonka Sea,18,NC-17,2.99
410,Heaven Freedom,18,PG,2.99
777,Secretary Rouge,18,PG,4.99
936,Vanishing Rocky,18,NC-17,2.99
215,Dawn Pond,18,PG,4.99
688,Polish Brooklyn,18,PG,0.99
329,Forrest Sons,18,R,2.99
286,Enough Raging,18,NC-17,2.99
456,Inch Jet,18,NC-17,4.99
184,Core Suit,18,PG-13,2.99
346,Galaxy Sweethearts,18,R,4.99
657,Paradise Sabrina,18,PG-13,2.99
77,Birds Perdition,18,G,4.99
383,Groove Fiction,18,NC-17,0.99
121,Carol Texas,18,PG,2.99
380,Greek Everyone,17,PG,2.99
175,Confused Candles,17,PG-13,2.99
854,Strangers Graffiti,17,R,4.99
693,Potter Connecticut,17,PG,2.99
859,Sugar Wonka,17,PG,4.99
169,Comforts Rush,17,NC-17,2.99
626,Noon Papi,17,G,2.99
424,Holocaust Highball,17,R,0.99
574,Midnight Westward,17,G,0.99
448,Idaho Love,17,PG-13,2.99
275,Egypt Tenenbaums,17,PG,0.99
464,Intentions Empire,17,PG-13,2.99
878,Teen Apollo,17,G,4.99
70,Bikini Borrowers,17,NC-17,4.99
333,Freaky Pocus,17,R,2.99
925,United Pilot,17,R,0.99
717,Rear Trading,17,NC-17,0.99
803,Slacker Liaisons,17,R,4.99
611,Musketeers Wait,17,PG,4.99
672,Perfect Groove,17,PG-13,2.99
944,Virgin Daisy,17,PG-13,4.99
299,Factory Dragon,17,PG-13,0.99
744,Roots Remember,17,PG-13,0.99
964,Waterfront Deliverance,17,G,4.99
483,Jericho Mulan,17,NC-17,2.99
183,Conversation Downhill,17,R,4.99
265,Dying Maker,17,PG,4.99
877,Taxi Kick,17,PG-13,0.99
534,Louisiana Harry,17,PG-13,0.99
552,Majestic Floats,17,PG,0.99
95,Breakfast Goldfinger,17,G,4.99
999,Zoolander Fiction,17,R,2.99
398,Hanover Galaxy,17,NC-17,4.99
58,Beach Heartbreakers,17,G,2.99
510,Lawless Vision,17,G,4.99
488,Joon Northwest,17,NC-17,0.99
506,Lady Stage,17,PG,4.99
691,Poseidon Forever,17,PG-13,4.99
308,Ferris Mother,17,PG,2.99
763,Satisfaction Confidential,17,G,4.99
324,Flintstones Happiness,17,PG-13,4.99
643,Orient Closer,17,R,2.99
348,Gandhi Kwai,17,PG-13,0.99
336,French Holiday,17,PG,4.99
481,Jekyll Frogmen,17,PG,2.99
737,Rock Instinct,17,G,0.99
512,League Hellfighters,17,PG-13,4.99
623,Newton Labyrinth,17,PG,0.99
561,Mask Peach,17,NC-17,2.99
956,Wanda Chamber,16,PG-13,4.99
42,Artist Coldblooded,16,NC-17,2.99
170,Command Darling,16,PG-13,4.99
189,Creatures Shakespeare,16,NC-17,0.99
458,Indian Love,16,NC-17,0.99
696,Pride Alamo,16,NC-17,0.99
351,Gaslight Crusade,16,PG,2.99
987,Words Hunter,16,PG,2.99
969,West Lion,16,G,4.99
111,Caddyshack Jedi,16,NC-17,0.99
44,Attacks Hate,16,PG-13,4.99
797,Silence Kane,16,R,0.99
664,Patriot Roman,16,PG,2.99
975,Willow Tracy,16,R,2.99
50,Baked Cleopatra,16,G,2.99
373,Graduate Lord,16,G,2.99
123,Casablanca Super,16,G,4.99
600,Motions Details,16,PG,0.99
704,Pure Runner,16,NC-17,2.99
606,Mummy Creatures,16,NC-17,0.99
991,Worst Banger,16,PG,2.99
105,Bull Shawshank,16,NC-17,0.99
392,Hall Cassidy,16,NC-17,4.99
686,Pluto Oleander,16,R,4.99
908,Trap Guys,16,G,4.99
809,Slipper Fidelity,16,PG-13,0.99
260,Dude Blindness,16,G,4.99
179,Conquerer Nuts,16,G,4.99
937,Varsity Trip,16,NC-17,2.99
708,Quills Bull,16,R,4.99
601,Moulin Wake,16,PG-13,0.99
963,Watch Tracy,16,PG,0.99
226,Destiny Saturday,16,G,4.99
526,Lock Rear,16,R,2.99
427,Homeward Cider,16,R,0.99
678,Pickup Driving,16,G,2.99
141,Chicago North,16,PG-13,4.99
480,Jeepers Wedding,16,R,2.99
757,Sagebrush Clueless,16,G,2.99
40,Army Flintstones,16,R,0.99
862,Summer Scarface,16,G,0.99
165,Coldblooded Darling,16,G,4.99
186,Craft Outfield,16,NC-17,0.99
927,Uprising Uptown,16,NC-17,2.99
85,Bonnie Holocaust,16,G,0.99
716,Reap Unfaithful,16,PG-13,2.99
739,Rocky War,16,PG-13,4.99
666,Paycheck Wait,16,PG-13,4.99
203,Daisy Menagerie,16,G,4.99
980,Wizard Coldblooded,16,PG,4.99
570,Mermaid Insects,16,NC-17,4.99
679,Pilot Hoosiers,16,PG,2.99
749,Rules Human,16,R,4.99
855,Streak Ridgemont,16,PG-13,0.99
442,Hunting Musketeers,15,NC-17,2.99
7,Airplane Sierra,15,PG-13,4.99
152,Circus Youth,15,PG-13,2.99
770,Scissorhands Slums,15,G,2.99
544,Madison Trap,15,R,2.99
618,Necklace Outbreak,15,PG,0.99
137,Charade Duffel,15,PG,2.99
795,Siege Madre,15,R,0.99
796,Sierra Divide,15,NC-17,0.99
272,Edge Kissing,15,NC-17,4.99
858,Submarine Bed,15,R,4.99
634,Odds Boogie,15,NC-17,0.99
932,Valley Packer,15,G,0.99
529,Lonely Elephant,15,G,2.99
962,Wasteland Divine,15,PG,2.99
505,Labyrinth League,15,PG-13,2.99
201,Cyclone Family,15,PG,2.99
844,Steers Armageddon,15,PG,4.99
655,Panther Reds,15,NC-17,4.99
446,Hysterical Grail,15,PG,4.99
732,Rings Heartbreakers,15,G,0.99
872,Sweet Brotherhood,15,R,2.99
792,Shrek License,15,PG-13,2.99
896,Tootsie Pilot,15,PG,0.99
110,Cabin Flash,15,NC-17,0.99
557,Manchurian Curtain,15,PG,2.99
229,Devil Desire,15,R,4.99
788,Ship Wonderland,15,R,2.99
542,Lust Lock,15,G,2.99
421,Holiday Games,15,PG-13,4.99
28,Anthem Luke,15,PG-13,4.99
592,Monster Spartacus,15,PG,2.99
820,Sons Interview,15,NC-17,2.99
598,Mosquito Armageddon,15,G,0.99
287,Entrapment Satisfaction,15,R,0.99
588,Model Fish,15,NC-17,4.99
988,Worker Tarzan,15,R,2.99
232,Dirty Ace,15,NC-17,2.99
830,Spirit Flintstones,15,R,0.99
654,Panky Submarine,15,G,4.99
452,Illusion Amelie,15,R,0.99
615,Nash Chocolat,15,PG-13,2.99
236,Divine Resurrection,15,R,2.99
532,Loser Hustler,15,PG,4.99
907,Translation Summer,15,PG-13,0.99
420,Holes Brannigan,15,PG,4.99
589,Modern Dorado,15,PG,0.99
942,Vietnam Smoochy,15,PG-13,0.99
84,Boiled Dares,15,PG,4.99
438,Human Graffiti,15,NC-17,2.99
68,Betrayed Rear,15,NC-17,4.99
216,Day Unfaithful,14,G,4.99
968,Werewolf Lola,14,G,4.99
667,Peach Innocent,14,PG-13,2.99
756,Saddle Antitrust,14,PG-13,2.99
629,Notorious Reunion,14,NC-17,0.99
347,Games Bowfinger,14,PG-13,4.99
620,Nemo Campus,14,NC-17,2.99
992,Wrath Mile,14,NC-17,0.99
894,Tomatoes Hellfighters,14,PG,0.99
205,Dances None,14,NC-17,0.99
381,Grinch Massage,14,R,4.99
360,Glass Dying,14,G,0.99
536,Lovely Jingle,14,PG,2.99
673,Personal Ladybugs,14,PG-13,0.99
783,Shane Darkness,14,PG,2.99
648,Outlaw Hanky,14,PG-13,4.99
173,Confessions Maguire,14,PG-13,4.99
847,Stock Glass,14,PG,2.99
921,Uncut Suicides,14,PG-13,2.99
24,Analyze Hoosiers,14,R,2.99
916,Turn Star,14,G,2.99
784,Shanghai Tycoon,14,PG,2.99
546,Madre Gables,14,PG-13,2.99
493,Kane Exorcist,14,R,0.99
599,Mother Oleander,14,R,0.99
277,Elephant Trojan,14,PG-13,4.99
453,Image Princess,14,PG-13,2.99
81,Blindness Gun,14,PG-13,4.99
832,Splash Gump,14,PG,0.99
840,Stampede Disturbing,14,R,0.99
946,Virtual Spoilers,14,NC-17,4.99
241,Donnie Alley,14,NC-17,0.99
652,Pajama Jawbreaker,14,R,0.99
190,Creepers Kane,14,NC-17,4.99
913,Troopers Metal,14,R,0.99
365,Gold River,14,R,4.99
455,Impossible Prejudice,14,NC-17,4.99
426,Home Pity,14,R,4.99
379,Greedy Roots,14,R,0.99
478,Jaws Harry,14,G,2.99
394,Hamlet Wisdom,14,R,2.99
793,Shrunk Divine,14,R,2.99
900,Town Ark,14,R,2.99
219,Deep Crusade,14,PG-13,4.99
658,Paris Weekend,14,PG-13,2.99
774,Searchers Wait,14,NC-17,2.99
16,Alley Evolution,14,NC-17,2.99
765,Saturn Name,13,R,4.99
882,Tenenbaums Command,13,PG-13,0.99
423,Hollywood Anonymous,13,PG,0.99
929,Usual Untouchables,13,PG-13,4.99
321,Flash Wars,13,NC-17,4.99
617,Natural Stock,13,PG-13,0.99
209,Darkness War,13,NC-17,2.99
98,Bright Encounters,13,PG-13,4.99
828,Spiking Element,13,G,2.99
639,Opposite Necklace,13,PG,4.99
296,Express Lonely,13,R,2.99
440,Hunger Roof,13,G,0.99
829,Spinal Rocky,13,PG-13,2.99
71,Bilko Anonymous,13,PG-13,4.99
27,Anonymous Human,13,NC-17,0.99
96,Breaking Home,13,PG-13,2.99
213,Date Speed,13,R,0.99
63,Bedazzled Married,13,PG,0.99
762,Sassy Packer,13,G,0.99
705,Purple Movie,13,R,2.99
293,Exorcist Sting,13,G,2.99
145,Chisum Behavior,13,G,4.99
177,Connecticut Tramp,13,R,4.99
711,Raging Airplane,13,R,4.99
593,Monterey Labyrinth,13,G,0.99
917,Tuxedo Mile,13,R,2.99
597,Moonwalker Fool,13,G,4.99
736,Robbery Bright,13,R,0.99
573,Microcosmos Paradise,13,PG-13,2.99
604,Mulan Moon,13,G,0.99
133,Chamber Italian,13,NC-17,4.99
511,Lawrence Love,13,NC-17,0.99
577,Mile Mulan,13,PG,0.99
842,State Wasteland,13,NC-17,2.99
487,Jingle Sagebrush,13,PG-13,4.99
568,Memento Zoolander,13,NC-17,4.99
151,Cincinatti Whisperer,13,NC-17,4.99
153,Citizen Shrek,13,G,0.99
65,Behavior Runaway,13,PG,4.99
134,Champion Flatliners,13,PG,4.99
540,Lucky Flying,13,PG-13,2.99
328,Forever Candidate,13,NC-17,2.99
661,Past Suicides,13,PG-13,4.99
994,Wyoming Storm,13,PG-13,4.99
258,Drums Dynamite,13,PG,0.99
430,Hook Chariots,13,G,0.99
290,Everyone Craft,13,PG,0.99
660,Party Knock,13,PG,2.99
202,Daddy Pittsburgh,13,G,4.99
449,Identity Lover,13,PG-13,2.99
867,Super Wyoming,13,PG,4.99
34,Arabia Dogma,13,NC-17,0.99
315,Finding Anaconda,12,R,0.99
564,Massage Image,12,PG,2.99
933,Vampire Whale,12,NC-17,4.99
794,Side Ark,12,G,0.99
821,Sorority Queen,12,NC-17,0.99
9,Alabama Devil,12,PG-13,2.99
194,Crow Grease,12,PG,0.99
413,Hedwig Alter,12,NC-17,2.99
766,Savannah Town,12,PG-13,0.99
88,Born Spinal,12,PG,4.99
977,Window Side,12,R,2.99
919,Tycoon Gathering,12,G,4.99
5,African Egg,12,G,2.99
576,Mighty Luck,12,PG,2.99
825,Speakeasy Date,12,PG-13,2.99
80,Blanket Beverly,12,G,2.99
798,Silverado Goldfinger,12,PG,4.99
389,Gunfighter Mussolini,12,PG-13,2.99
3,Adaptation Holes,12,NC-17,2.99
881,Temple Attraction,12,PG,4.99
93,Brannigan Sunrise,12,PG,4.99
207,Dangerous Uptown,12,PG,4.99
533,Lost Bird,12,PG-13,2.99
957,War Notting,12,G,4.99
519,Liberty Magnificent,12,G,2.99
323,Flight Lies,12,R,4.99
585,Mob Duffel,12,G,0.99
813,Smoochy Control,12,R,0.99
682,Pittsburgh Hunchback,12,PG-13,4.99
291,Evolution Alter,12,PG-13,0.99
567,Meet Chocolate,12,G,2.99
928,Uptown Young,12,PG,2.99
581,Minority Kiss,12,G,0.99
538,Loverboy Attacks,12,PG-13,0.99
113,California Birds,12,NC-17,4.99
931,Valentine Vanishing,12,PG-13,0.99
509,Language Cowboy,11,NC-17,0.99
92,Bowfinger Gables,11,NC-17,4.99
761,Santa Paris,11,PG,2.99
342,Fugitive Maguire,11,R,4.99
905,Trainspotting Strangers,11,PG-13,4.99
889,Ties Hunger,11,R,4.99
337,Frida Slipper,11,R,2.99
60,Beast Hunchback,11,R,4.99
210,Darko Dorado,11,NC-17,4.99
306,Feathers Metal,11,PG-13,0.99
848,Stone Fire,11,G,0.99
918,Twisted Pirates,11,PG,4.99
888,Thin Sagebrush,11,PG-13,4.99
530,Lord Arizona,11,PG-13,2.99
257,Drumline Cyclone,11,G,0.99
700,Prix Undefeated,11,R,2.99
104,Bugsy Song,11,G,2.99
831,Spirited Casualties,11,PG-13,0.99
587,Mod Secretary,11,NC-17,4.99
899,Towers Hurricane,11,NC-17,0.99
469,Iron Moon,11,PG,4.99
250,Dragon Squad,11,NC-17,0.99
722,Reef Salute,11,NC-17,0.99
187,Cranes Reservoir,11,NC-17,2.99
75,Bird Independence,11,G,4.99
729,Rider Caddyshack,11,PG,2.99
633,October Submarine,11,PG-13,4.99
853,Stranger Strangers,11,G,4.99
886,Theory Mermaid,11,PG-13,0.99
627,North Tequila,11,NC-17,4.99
549,Magnolia Forrester,11,PG-13,0.99
692,Potluck Mixed,11,G,2.99
640,Opus Ice,11,R,4.99
283,Ending Crowds,11,NC-17,0.99
74,Birch Antitrust,11,PG,4.99
352,Gathering Calendar,11,PG-13,0.99
819,Song Hedwig,11,PG-13,0.99
64,Beethoven Exorcist,11,PG-13,0.99
46,Autumn Crow,11,G,4.99
750,Run Pacific,10,R,0.99
952,Wagon Jaws,10,PG,2.99
422,Hollow Jeopardy,10,NC-17,4.99
636,Oleander Clue,10,PG,0.99
731,Right Cranes,10,PG-13,4.99
613,Mystic Truman,10,NC-17,0.99
508,Lambs Cincinatti,10,PG-13,4.99
66,Beneath Rush,10,NC-17,0.99
82,Blood Argonauts,10,G,0.99
811,Smile Earring,10,G,2.99
780,Sensibility Rear,10,PG,4.99
630,Notting Speakeasy,10,PG-13,0.99
662,Paths Control,10,PG,4.99
522,Life Twisted,10,NC-17,2.99
726,Reservoir Adaptation,10,PG-13,2.99
276,Element Freddy,10,NC-17,4.99
868,Superfly Trip,10,PG,0.99
553,Maker Gables,10,PG-13,0.99
537,Lover Truman,10,G,2.99
528,Lolita World,10,NC-17,2.99
339,Frogmen Breaking,10,R,0.99
740,Rollercoaster Bringing,10,PG-13,2.99
482,Jeopardy Encino,10,R,0.99
246,Doubtfire Labyrinth,10,R,4.99
543,Madigan Dorado,10,R,4.99
393,Halloween Nuts,10,PG-13,2.99
312,Fiddler Lost,10,R,4.99
837,Stage World,10,PG,2.99
29,Antitrust Tomatoes,10,NC-17,2.99
279,Elizabeth Shane,10,NC-17,4.99
375,Grail Frankenstein,10,NC-17,2.99
477,Jawbreaker Brooklyn,10,PG,0.99
157,Clockwork Paradise,10,PG-13,0.99
834,Spoilers Hellfighters,10,G,0.99
20,Amelie Hellfighters,10,R,4.99
368,Gone Trouble,10,R,2.99
539,Luck Opus,10,NC-17,2.99
960,Wars Pluto,10,G,2.99
515,Legally Secretary,9,PG,4.99
338,Frisco Forrest,9,PG,4.99
503,Kramer Chocolate,9,R,2.99
230,Diary Panic,9,G,2.99
492,Jungle Closer,9,NC-17,0.99
208,Dares Pluto,9,PG-13,2.99
550,Maguire Apache,9,NC-17,2.99
240,Dolls Rage,9,PG-13,2.99
188,Crazy Home,9,PG,2.99
466,Intolerable Intentions,9,PG-13,4.99
826,Speed Suit,9,PG-13,4.99
435,Hotel Happiness,9,PG-13,4.99
264,Dwarfs Alter,9,G,2.99
983,Won Dares,9,PG,2.99
565,Matrix Snowman,9,PG-13,4.99
126,Casualties Encino,9,G,4.99
978,Wisdom Worker,9,R,0.99
211,Darling Breaking,9,PG-13,4.99
425,Holy Tadpole,9,R,0.99
984,Wonderful Drop,9,NC-17,2.99
256,Drop Waterfront,9,R,4.99
30,Anything Savannah,9,R,2.99
998,Zhivago Core,9,NC-17,0.99
454,Impact Aladdin,9,PG-13,0.99
214,Daughter Madigan,9,PG-13,4.99
721,Reds Pocus,9,PG-13,4.99
591,Monsoon Cause,9,PG,4.99
355,Ghostbusters Elf,9,R,0.99
76,Birdcage Casper,9,NC-17,0.99
714,Random Go,9,NC-17,2.99
13,Ali Forever,9,PG,4.99
582,Miracle Virtual,9,PG-13,2.99
685,Platoon Instinct,9,PG-13,4.99
357,Gilbert Pelican,9,G,0.99
824,Spartacus Cheaper,9,NC-17,4.99
516,Legend Jedi,9,PG,0.99
815,Snatchers Montezuma,9,PG-13,2.99
120,Caribbean Liberty,9,NC-17,4.99
632,Nuts Ties,9,NC-17,4.99
594,Montezuma Command,9,NC-17,0.99
499,King Evolution,9,NC-17,4.99
390,Guys Falcon,9,R,4.99
940,Victory Academy,9,PG-13,0.99
934,Vanilla Day,9,NC-17,4.99
431,Hoosiers Birdcage,8,G,2.99
146,Chitty Lock,8,G,2.99
197,Crusade Honey,8,R,2.99
47,Baby Hall,8,NC-17,4.99
703,Punk Divorce,8,PG,4.99
656,Papi Necklace,8,PG,0.99
923,Unfaithful Kill,8,R,2.99
566,Maude Mod,8,R,0.99
548,Magnificent Chitty,8,R,2.99
371,Gosford Donnie,8,G,4.99
866,Sunset Racer,8,NC-17,0.99
364,Godfather Diary,8,NC-17,2.99
659,Park Citizen,8,PG-13,4.99
401,Harold French,8,NC-17,0.99
136,Chaplin License,8,NC-17,2.99
490,Jumanji Blade,8,G,2.99
822,Soup Wisdom,8,R,0.99
674,Pet Haunting,8,PG,0.99
817,Soldiers Evolution,8,R,4.99
751,Runaway Tenenbaums,8,NC-17,0.99
719,Records Zorro,8,PG,4.99
990,World Leathernecks,8,PG-13,0.99
225,Destination Jerk,8,PG-13,0.99
876,Tarzan Videotape,8,PG-13,2.99
758,Saints Bride,8,G,2.99
52,Ballroom Mockingbird,8,G,0.99
384,Grosse Wonderful,8,R,4.99
939,Vertigo Northwest,8,R,2.99
523,Lights Deer,8,R,0.99
718,Rebel Airport,8,G,0.99
787,Shining Roses,8,G,0.99
163,Clyde Theory,8,PG-13,0.99
926,Untouchables Sunrise,8,NC-17,2.99
223,Desire Alien,8,NC-17,2.99
124,Casper Dragonfly,8,PG-13,4.99
752,Runner Madigan,8,NC-17,0.99
779,Sense Greek,7,R,4.99
935,Vanished Garden,7,R,0.99
178,Connection Microcosmos,7,G,0.99
569,Menagerie Rushmore,7,G,2.99
517,Lesson Cleopatra,7,NC-17,0.99
248,Dozen Lion,7,NC-17,4.99
161,Clue Grail,7,NC-17,4.99
653,Panic Club,7,G,4.99
836,Squad Fish,7,PG,2.99
684,Pizza Jumanji,7,NC-17,2.99
470,Ishtar Rocketeer,7,R,4.99
106,Bulworth Commandments,7,G,2.99
185,Cowboy Doom,7,PG,2.99
261,Duffel Apocalypse,7,G,0.99
156,Clerks Angels,7,G,4.99
316,Fire Wolves,7,R,4.99
2,Ace Goldfinger,7,G,4.99
411,Heavenly Gun,7,NC-17,4.99
53,Bang Kwai,7,NC-17,2.99
947,Vision Torque,7,PG-13,0.99
289,Eve Resurrection,7,G,4.99
407,Hawk Chill,7,PG-13,0.99
910,Treatment Jekyll,7,PG,0.99
520,License Weekend,7,NC-17,2.99
541,Luke Mummy,7,NC-17,2.99
237,Divorce Shining,7,G,2.99
622,Newsies Story,7,G,0.99
278,Elf Murder,7,NC-17,4.99
238,Doctor Grail,7,G,2.99
605,Mulholland Beast,7,PG,2.99
839,Stallion Sundance,7,PG-13,0.99
182,Control Anthem,7,G,4.99
547,Magic Mallrats,7,PG,0.99
268,Early Home,7,NC-17,4.99
513,Leathernecks Dwarfs,7,PG-13,2.99
996,Young Language,7,G,0.99
695,President Bang,7,PG,4.99
196,Cruelty Unforgiven,7,G,0.99
769,School Jacket,6,PG-13,4.99
102,Bubble Grosse,6,R,4.99
259,Duck Racer,6,NC-17,2.99
262,Dumbo Lust,6,NC-17,0.99
965,Watership Frontier,6,G,0.99
399,Happiness United,6,G,2.99
959,Warlock Werewolf,6,G,2.99
885,Texas Watch,6,NC-17,0.99
32,Apocalypse Flamingos,6,R,4.99
168,Comancheros Enemy,6,R,0.99
498,Killer Innocent,6,R,2.99
635,Oklahoma Jumanji,6,PG,0.99
507,Ladybugs Armageddon,6,NC-17,0.99
997,Youth Kick,6,NC-17,0.99
754,Rushmore Mermaid,6,PG-13,2.99
883,Tequila Past,6,PG,4.99
884,Terminator Club,6,R,4.99
224,Desperate Trainspotting,6,G,4.99
405,Haunted Antitrust,6,NC-17,4.99
485,Jersey Sassy,6,PG,4.99
675,Phantom Glory,6,NC-17,2.99
62,Bed Highball,6,NC-17,2.99
340,Frontier Cabin,6,PG-13,4.99
125,Cassidy Wyoming,6,NC-17,2.99
475,Japanese Run,6,G,0.99
297,Extraordinary Conquerer,6,G,2.99
974,Wild Apollo,6,R,0.99
472,Italian African,6,G,4.99
808,Sling Luke,6,R,0.99
372,Graceland Dynamite,6,R,4.99
799,Simon North,6,NC-17,0.99
310,Fever Empire,5,R,4.99
781,Seven Swarm,5,R,4.99
94,Braveheart Human,5,PG-13,2.99
558,Mannequin Worst,5,PG-13,2.99
362,Glory Tracy,5,PG-13,2.99
441,Hunter Alter,5,PG-13,2.99
343,Full Flatliners,5,PG,2.99
459,Informer Double,5,NC-17,4.99
335,Freedom Cleopatra,5,PG-13,0.99
612,Mussolini Spoilers,5,G,2.99
903,Traffic Hobbit,5,G,4.99
699,Private Drop,5,PG,4.99
107,Bunch Minds,5,G,2.99
180,Conspiracy Spirit,5,PG-13,2.99
400,Hardly Robbers,4,R,2.99
584,Mixed Doors,4,PG-13,2.99
904,Train Bunch,4,R,4.99
